Name,A,B,C,Tchar,thetachar,DeltaCp,DeltaHref,DeltaSref,Tref,beta0,lambertw_x
2-Octanone,-44.3601,7132.4427,5.2136,115.6062520899352,29.600975328071787,43.348282306003725,-55401.08279772962,-130.42309096877392,90.0,160.0,-0.10426224819334926
n-Decane,-43.0001,7127.1451,4.9951,116.87810159974799,29.373314411188886,41.531572223937246,-55520.540007949676,-129.10698148562122,90.0,160.0,-0.09429961561917773
1-Octanol,-64.6718,8612.402,8.0621,129.4803224396406,30.208799827647322,67.03202907381322,-65574.611864865,-169.04786182666524,90.0,160.0,-0.18685316403450034
"2,4-Dimethylphenol",-83.1,9865.2138,10.6961,144.2658248009531,32.26297863360236,88.93232361002886,-74020.04223528688,-201.82099017315687,90.0,160.0,-0.2424925593195572
"2,6-Dimethylaniline",-59.5755,8403.0093,7.4122,151.17769292542528,34.245070484649574,61.628459818275445,-64319.94532119923,-156.39346843167687,90.0,160.0,-0.1847078624732611
