Name,A,B,C,Tchar,thetachar,DeltaCp,DeltaHref,DeltaSref,beta0,Tref,R²_ABC,R²_Kcentric,χ²_ABC,χ²_Kcentric,χ̄²_ABC,χ̄²_Kcentric,n_ABC,n_Kcentric,approx_equal,WLS
Farnesol A,-106.88,13572.0,13.642,210.14,33.469,113.43,-102630.0,-264.81,250.0,90.0,0.99999,0.99999,6.484,6.484,1.2968,1.2968,8,8,true,true
Amylcinnamylalkohol A,-90.918,12588.0,11.405,213.47,33.645,94.829,-96131.0,-234.39,250.0,90.0,0.99998,0.99998,5.7163,5.7163,1.4291,1.4291,7,7,true,true
Farnesol B,-143.13,15809.0,18.782,215.33,35.968,156.16,-117390.0,-331.16,250.0,90.0,0.99999,0.99999,7.3659,7.3659,1.2276,1.2276,9,9,true,true
Amylcinnamylalkohol B,-106.04,13551.0,13.559,219.78,35.383,112.74,-102520.0,-261.64,250.0,90.0,1.0,1.0,4.7689,4.7689,0.79481,0.79481,9,9,true,true
Amylcinnamylalkohol C,-110.81,13782.0,14.268,223.19,36.77,118.63,-103910.0,-268.88,250.0,90.0,1.0,1.0,2.2542,2.2542,0.75139,0.75139,6,6,true,true
