Name,A,B,C,Tchar,thetachar,DeltaCp,DeltaHref,DeltaSref,beta0,Tref,R²_ABC,R²_Kcentric,χ²_ABC,χ²_Kcentric,χ̄²_ABC,χ̄²_Kcentric,n_ABC,n_Kcentric,approx_equal,WLS,Cat_1
Terpinolene,-70.132,8480.7,9.0498,119.45,31.28,75.244,-63741.0,-169.28,250.0,90.0,1.0,1.0,7.408,7.408,1.2347,1.2347,9,9,true,true,allergenic fragrances
Anethol,-79.776,10306.0,10.165,166.72,33.159,84.514,-78085.0,-198.48,250.0,90.0,1.0,1.0,5.8544,5.8544,0.97574,0.97574,9,9,true,true,allergenic fragrances
alpha Damascone,-87.846,11058.0,11.259,176.46,33.711,93.61,-83520.0,-215.56,250.0,90.0,1.0,1.0,8.3406,8.3406,1.1915,1.1915,10,10,true,true,allergenic fragrances
Santalol A,-98.263,12642.0,12.577,213.9,36.404,104.57,-95699.0,-241.9,250.0,90.0,1.0,1.0,8.36,8.36,1.1943,1.1943,10,10,true,true,allergenic fragrances
Santalol B,-101.89,12986.0,13.053,214.91,36.007,108.53,-98205.0,-250.27,250.0,90.0,1.0,1.0,5.9142,5.9142,1.4786,1.4786,7,7,true,true,allergenic fragrances
Amylcinnamylaldehyd,-103.3,13168.0,13.224,215.64,35.635,109.95,-99590.0,-254.18,250.0,90.0,1.0,1.0,8.3003,8.3003,1.1858,1.1858,10,10,true,true,allergenic fragrances
Santalol C,-123.4,14454.0,16.063,219.51,37.108,133.55,-108160.0,-291.52,250.0,90.0,0.99998,0.99998,2.1786,2.1786,1.0893,1.0893,5,5,true,true,allergenic fragrances
Santalol D,-116.36,14049.0,15.068,221.32,37.053,125.28,-105540.0,-278.48,250.0,90.0,0.99998,0.99998,2.2537,2.2537,1.1268,1.1268,5,5,true,true,allergenic fragrances
