Name,A,B,C,Tchar,thetachar,DeltaCp,DeltaHref,DeltaSref,beta0,Tref,R²_ABC,R²_Kcentric,χ²_ABC,χ²_Kcentric,χ̄²_ABC,χ̄²_Kcentric,n_ABC,n_Kcentric,approx_equal,WLS,Cat_1
Citronellol,-93.622,10740.0,12.16,143.09,30.509,101.1,-80201.0,-222.37,250.0,90.0,1.0,1.0,7.5884,7.5884,1.0841,1.0841,10,10,true,true,allergenic fragrances
Hydroxycitronellal,-104.26,11910.0,13.555,160.17,31.104,112.7,-88883.0,-247.05,250.0,90.0,1.0,1.0,8.8223,8.8223,1.2603,1.2603,10,10,true,true,allergenic fragrances
Anisalkohol,-74.915,10248.0,9.4252,174.12,33.161,78.366,-78157.0,-191.89,250.0,90.0,0.99977,0.99977,6.8105,6.8105,1.3621,1.3621,8,8,true,true,allergenic fragrances
Unknown_4,-115.66,12773.0,15.183,175.4,33.745,126.24,-94837.0,-267.38,250.0,90.0,0.99974,0.99974,7.0538,7.0538,1.1756,1.1756,9,9,true,true,allergenic fragrances
Cinnamylalkohol A,-84.236,10757.0,10.781,177.16,34.353,89.634,-81375.0,-207.4,250.0,90.0,1.0,1.0,2.4449,2.4449,1.2225,1.2225,5,5,true,true,allergenic fragrances
Cinnamylalkohol B,-82.79,10864.0,10.523,180.76,33.846,87.491,-82453.0,-207.17,250.0,90.0,1.0,1.0,4.0981,4.0981,1.366,1.366,6,6,true,true,allergenic fragrances
Coumarin,-87.778,11488.0,11.251,210.54,38.697,93.548,-87097.0,-215.33,250.0,90.0,1.0,1.0,5.9649,5.9649,1.193,1.193,8,8,true,true,allergenic fragrances
