Name,A,B,C,Tchar,thetachar,DeltaCp,DeltaHref,DeltaSref,Tref,beta0,lambertw_x
1-Undecanol,-98.12305382032744,11625.033082591288,12.703166139612726,170.00465961021246,32.75521583126147,105.62,-58300.0,-87.61,90.0,250.0,-0.26187537526456284
1-Dodecanol,-102.20722560684717,12296.459097281817,13.197485518838329,184.1384989630862,33.39712302248025,109.73,-62390.0,-93.23,90.0,250.0,-0.26559603950108207
1-Tridecanol,-108.39257894331165,13095.010645941582,13.988877615019467,197.44433831091737,34.00823318213227,116.31,-66640.0,-99.29,90.0,250.0,-0.2721334998575351
1-Tetradecanol,-113.01361453779981,13797.561281895665,14.558968577921988,210.056068244791,34.5264866289853,121.05,-70760.0,-105.03,90.0,250.0,-0.2759095701803582
Undecane,-77.68173231305344,9260.03128956289,10.025903516361643,127.36081310418786,30.585837998822512,83.36,-46720.0,-71.13,90.0,250.0,-0.22980323330529492
Dodecane,-81.78166601303627,9941.845047149925,10.51902017203682,143.86201264096695,31.303335021855865,87.46,-50900.0,-76.95,90.0,250.0,-0.23498666690549144
Tridecane,-87.50010417254718,10712.766127004841,11.244262472944458,159.2161733094565,31.949485178745086,93.49,-55120.0,-82.92,90.0,250.0,-0.24329774350755928
Tetradecane,-93.30976046505808,11488.491666490465,11.982734732906795,173.70159052654162,32.5524531886763,99.63,-59340.0,-88.89,90.0,250.0,-0.2510338278653777
