Name,A,B,C,Tchar,thetachar,DeltaCp,DeltaHref,DeltaSref,Tref,beta0,lambertw_x
1-Undecanol,-101.84989382157787,11839.620011649647,13.244391737304992,171.84392413565064,33.303293908133604,110.12,-58450.0,-87.57,90.0,250.0,-0.2694702633331522
1-Dodecanol,-104.89806610192917,12440.592886203245,13.594384290479326,186.01402769710324,34.013103491723626,113.03,-62390.0,-92.85,90.0,250.0,-0.27161394328333294
1-Tridecanol,-105.90842165858574,12931.385940115173,13.650912297349407,199.38318201247904,34.45330177314937,113.5,-66300.0,-98.01,90.0,250.0,-0.2700334335301971
1-Tetradecanol,-109.39192113118186,13568.959135576535,14.058635580944248,212.0085871534331,34.879770617220565,116.89,-70370.0,-103.6,90.0,250.0,-0.27210662790767476
Undecane,-72.21022838678759,8947.48120432633,9.251349549886488,128.88094147598605,30.91510431606861,76.92,-46460.0,-70.04,90.0,250.0,-0.2170034322396171
Dodecane,-78.44375482305172,9741.544609649145,10.053566158021471,145.41969618499735,31.662224352814025,83.59,-50640.0,-75.88,90.0,250.0,-0.22865139693364325
Tridecane,-84.62644969780025,10534.956078671448,10.847363701303461,160.93744603503097,32.34187628159263,90.19,-54840.0,-81.78,90.0,250.0,-0.23881874929293054
Tetradecane,-90.61613680921016,11317.88509031765,11.6122958793752,175.3826902417992,32.929891288901416,96.55,-59040.0,-87.73,90.0,250.0,-0.24736918940943436
