Name,A,B,C,Tchar,thetachar,DeltaCp,DeltaHref,DeltaSref,Tref,beta0,lambertw_x
2-Methylhexane,-34.70979157308532,4724.290571015235,4.241885690001904,19.535968079065867,24.596962798786837,35.269,-26472.0,-45.42,90.0,250.0,-0.08468471570537534
"2,6-Dimethyloctane",-58.332625934766774,7052.529657415711,7.46506453279192,77.56504411040203,27.737801964334455,62.068,-36098.0,-57.057,90.0,250.0,-0.18217009424595046
4-Nonanol,-72.50356362652118,8864.416323080475,9.297173317157766,121.94838860470821,30.07112010596364,77.301,-45631.0,-69.852,90.0,250.0,-0.21604935037620215
3-Hexanol,-60.37190345974818,6922.3972303797555,7.820108524878047,68.2022551938789,27.39754479961206,65.02,-33944.0,-53.659,90.0,250.0,-0.19391690903314765
