Name,A,B,C,Tchar,thetachar,DeltaCp,DeltaHref,DeltaSref,Tref,beta0,lambertw_x
1-Undecanol,-91.55642626883214,11216.886680851409,11.774663558682882,169.59291930032055,32.649875848228476,97.9,-57710.0,-86.24,90.0,250.0,-0.2502195538570344
1-Dodecanol,-95.90608640411378,11905.460706970685,12.306267367971728,183.70976683435924,33.21875905300926,102.32,-61830.0,-91.93,90.0,250.0,-0.2547943168533818
1-Tridecanol,-100.23916142430454,12590.755747874431,12.835465730159724,196.89747812259225,33.69354044208375,106.72,-65930.0,-97.62,90.0,250.0,-0.258926178279505
1-Tetradecanol,-104.50697220037458,13269.385234725532,13.356245027494728,209.37956407793126,34.11697492397811,111.05,-70000.0,-103.25,90.0,250.0,-0.2626991539370976
Undecane,-73.76618941343592,9041.519873559491,9.460623447660831,126.8238087491294,30.428624146132787,78.66,-46610.0,-70.98,90.0,250.0,-0.2190704790874825
Dodecane,-89.96254285081018,11291.369065154622,11.50284803628632,172.9794904681292,32.31236131129566,95.64,-59150.0,-88.57,90.0,250.0,-0.24372814521463274
Tridecane,-84.14351778451096,10518.378158205602,10.761970329223127,158.5747232078017,31.740609111359408,89.48,-54960.0,-82.66,90.0,250.0,-0.2353244339213469
Tetradecane,-89.96254285081018,11291.369065154622,11.50284803628632,172.9794904681292,32.31236131129566,95.64,-59150.0,-88.57,90.0,250.0,-0.24372814521463274
