Name,A,B,C,Tchar,thetachar,DeltaCp,DeltaHref,DeltaSref,Tref,beta0,lambertw_x
2-Methylhexane,-87.49462725874359,6649.452753481733,12.187077464124387,-6.559284363002689,20.90010195650504,101.329,-18489.0,-28.826,90.0,250.0,-0.26436085726811615
"2,6-Dimethyloctane",-44.57659560819274,5688.267639418995,5.62525831770334,50.213402891628164,27.02422584226271,46.771,-30310.0,-48.153,90.0,250.0,-0.1371036569553233
4-Nonanol,-89.50392810085857,10402.52254080264,11.617347318286994,144.13705628145942,31.347651256877555,96.592,-51414.0,-78.193,90.0,250.0,-0.25099871905848015
3-Hexanol,-79.06169919594004,8708.930718132606,10.344144167804696,100.3914996700264,28.79964922348619,86.006,-41177.0,-64.36,90.0,250.0,-0.23663684246387645
