Name,A,B,C,Tchar,thetachar,DeltaCp,DeltaHref,DeltaSref,beta0,Tref,R²_ABC,R²_Kcentric,χ²_ABC,χ²_Kcentric,χ̄²_ABC,χ̄²_Kcentric,n_ABC,n_Kcentric,approx_equal,WLS,Cat_1
Propiophenone,-118.27,11800.0,15.878,154.16,36.408,132.02,-50168.0,-73.154,250.0,90.0,0.99999,0.99999,0.00023094,0.00023094,2.566e-5,2.566e-5,12,12,true,false,phenone
Butyrophenone,-117.37,12145.0,15.652,166.13,36.616,130.14,-53724.0,-78.606,250.0,90.0,0.99997,0.99997,0.00063387,0.00063387,7.043e-5,7.043e-5,12,12,true,false,phenone
Valerophenone,-126.39,13172.0,16.817,180.35,37.085,139.82,-58742.0,-86.832,250.0,90.0,0.99998,0.99998,0.00020602,0.00020602,2.5753e-5,2.5753e-5,11,11,true,false,phenone
Hexanophenone,-124.58,13543.0,16.449,193.72,37.169,136.76,-62942.0,-92.885,250.0,90.0,0.99998,0.99998,0.00023815,0.00023815,3.4022e-5,3.4022e-5,10,10,true,false,phenone
Heptanophenone,-122.8,13905.0,16.089,206.14,37.092,133.77,-67032.0,-98.652,250.0,90.0,0.99997,0.99997,0.00024048,0.00024048,4.008e-5,4.008e-5,9,9,true,false,phenone
Octanophenone,-122.99,14383.0,16.012,217.92,36.987,133.13,-71239.0,-104.66,250.0,90.0,0.99998,0.99998,0.00014797,0.00014797,2.9593e-5,2.9593e-5,8,8,true,false,phenone
