Name,A,B,C,Tchar,thetachar,DeltaCp,DeltaHref,DeltaSref,beta0,Tref,R²_ABC,R²_Kcentric,χ²_ABC,χ²_Kcentric,χ̄²_ABC,χ̄²_Kcentric,n_ABC,n_Kcentric,approx_equal,WLS
Pentanol,-161.61,11652.0,22.744,58.962,26.91,189.11,-79865.0,-303.62,250.0,90.0,0.99994,0.99994,5.5462,5.5462,1.3865,1.3865,7,7,true,true
Heptanol,-170.88,13364.0,23.731,98.45,30.378,197.31,-93357.0,-335.58,250.0,90.0,0.99988,0.99988,8.1037,8.1037,1.3506,1.3506,9,9,true,true
Nonanol,-151.63,13418.0,20.666,133.52,32.988,171.82,-96096.0,-315.74,250.0,90.0,0.99993,0.99993,8.5776,8.5776,0.95307,0.95307,12,12,true,true
Decanol,-141.34,13403.0,19.041,149.06,33.237,158.32,-97189.0,-304.42,250.0,90.0,0.99998,0.99998,8.1403,8.1403,1.0175,1.0175,11,11,true,true
Undecanol,-151.87,14531.0,20.418,163.77,34.03,169.77,-105540.0,-329.06,250.0,90.0,0.99991,0.99991,7.1292,7.1292,0.79213,0.79213,12,12,true,true
Dodecanol,-151.44,14981.0,20.245,177.43,34.648,168.33,-109410.0,-333.34,250.0,90.0,0.99994,0.99994,6.8077,6.8077,0.85097,0.85097,11,11,true,true
