Name,A,B,C,Tchar,thetachar,DeltaCp,DeltaHref,DeltaSref,beta0,Tref,R²_ABC,R²_Kcentric,χ²_ABC,χ²_Kcentric,χ̄²_ABC,χ̄²_Kcentric,n_ABC,n_Kcentric,approx_equal,WLS
Benzene,-1.1172,2915.3,-0.50297,33.141,30.565,-4.1819,-24615.0,-32.289,250.0,90.0,0.99923,0.99923,3.5589,3.5589,0.88973,0.88973,7,7,true,true
Ethylbenzene,-77.847,7959.2,10.375,81.137,29.303,86.264,-58413.0,-172.82,250.0,90.0,0.99994,0.99994,2.8527,2.8527,0.47544,0.47544,9,9,true,true
Toluene,-58.637,6493.2,7.6945,60.727,28.407,63.976,-48229.0,-135.68,250.0,90.0,0.9999,0.9999,6.9006,6.9006,1.1501,1.1501,9,9,true,true
o-Xylene,-65.419,7480.3,8.5348,89.045,29.889,70.962,-55808.0,-153.65,250.0,90.0,0.99997,0.99997,6.8133,6.8133,1.1355,1.1355,9,9,true,true
m-Xylene,-66.526,7418.6,8.712,82.077,29.184,72.436,-55162.0,-154.75,250.0,90.0,0.99996,0.99996,6.3781,6.3781,1.063,1.063,9,9,true,true
p-Xylene,-66.526,7418.6,8.712,82.077,29.184,72.436,-55162.0,-154.75,250.0,90.0,0.99996,0.99996,6.3781,6.3781,1.063,1.063,9,9,true,true
