Name,A,B,C,Tchar,thetachar,DeltaCp,DeltaHref,DeltaSref,beta0,Tref,R²_Kcentric,χ²_Kcentric,χ̄²_Kcentric,n_Kcentric,Cat_1,Cat_2
Glyceryl triacetate,-499.15,37266.0,69.033,173.1,30.824,573.97,-101410.0,-192.74,250.0,90.0,0.99718,0.0018515,0.00061716,6,triglyceride,ester
Glyceryl tributyrate,-257.95,24417.0,34.55,229.76,35.923,287.27,-98689.0,-164.03,250.0,90.0,0.99969,0.0023129,0.00033041,10,triglyceride,ester
Glyceryl trihexanoate,-188.84,22064.0,24.456,279.28,35.679,203.34,-109610.0,-168.13,250.0,90.0,0.99968,0.0093626,0.00085115,14,triglyceride,ester
Glyceryl trioctanoate,-211.38,25948.0,27.112,318.75,35.386,225.42,-133880.0,-203.29,250.0,90.0,0.99958,0.014787,0.00086984,20,triglyceride,ester
Glyceryl tridecanoate,-394.74,41657.0,51.841,357.5,44.375,431.03,-189820.0,-310.16,250.0,90.0,0.99636,0.083195,0.0039617,24,triglyceride,ester
Glyceryl trilaurate,-543.67,55893.0,71.568,393.69,54.435,595.05,-248630.0,-417.58,250.0,90.0,0.99883,0.0039493,0.00039493,13,triglyceride,ester
Glyceryl trimyristine,-655.14,66369.0,86.428,471.37,274.27,718.6,-290860.0,-492.57,250.0,90.0,0.99916,0.0091803,0.00091803,13,triglyceride,ester
Glyceryl tripalmitin,-493.02,53703.0,64.545,556.97,5634.7,536.66,-251620.0,-399.0,250.0,90.0,0.99897,0.0034491,0.00057485,9,triglyceride,ester
