Name,A,err_A,B,err_B,C,err_C,Tchar,err_Tchar,thetachar,err_thetachar,DeltaCp,err_DeltaCp,DeltaHref,err_DeltaHref,DeltaSref,err_DeltaSref,beta0,Tref,R²_Kcentric,χ²_Kcentric,χ̄²_Kcentric,n_Kcentric
Benzene,10.983,5.4662,2596.1,266.13,-2.4272,0.80445,55.116,0.19084,31.76,0.30755,-20.181,6.6886,-28914.0,360.41,-47.829,1.0725,125.0,90.0,0.99985,0.0017956,0.00017956,13
Ethylbenzene,-31.835,5.6516,5585.3,307.81,3.6826,0.81525,103.79,0.24466,33.852,0.13295,30.619,6.7784,-35320.0,174.1,-53.577,0.44992,125.0,90.0,0.99983,0.0041104,0.00034253,15
Toluene,-23.87,2.4935,4808.7,128.99,2.5802,0.36284,81.806,0.070659,32.365,0.057093,21.453,3.0168,-32191.0,63.863,-50.552,0.1764,125.0,90.0,0.99998,0.00023108,2.5675e-5,12
o-Xylene,-14.766,4.3929,4818.4,243.3,1.1852,0.63194,111.07,0.23264,33.836,0.11254,9.8542,5.2542,-36484.0,170.16,-54.826,0.43639,125.0,90.0,0.99986,0.0049123,0.00035088,17
m-Xylene,-26.272,4.0154,5375.4,219.52,2.8473,0.57885,105.48,0.17078,33.36,0.089976,23.674,4.8129,-36097.0,127.09,-55.211,0.32859,125.0,90.0,0.99992,0.0020722,0.00017268,15
p-Xylene,-31.687,2.9229,5646.5,159.76,3.6386,0.42137,105.45,0.095517,33.577,0.063882,30.253,3.5034,-35961.0,89.008,-54.866,0.23259,125.0,90.0,0.99997,0.00049265,4.9265e-5,13
