Name,A,err_A,B,err_B,C,err_C,Tchar,err_Tchar,thetachar,err_thetachar,DeltaCp,err_DeltaCp,DeltaHchar,err_DeltaHchar,DeltaSchar,err_DeltaSchar,DeltaHref,err_DeltaHref,DeltaSref,err_DeltaSref,Tref,beta0,R²_Kcentric,χ²_Kcentric,χ̄²_Kcentric,n_Kcentric,Cat_1
2-Hexanone,-80.869,6.6629,7451.0,324.27,10.998,0.9803,55.828,0.14901,28.235,0.24694,91.439,8.1506,-31870.0,280.22,-50.967,0.84838,-28745.0,396.32,-41.93,1.1721,90.0,250.0,0.99996,0.00011636,2.3271e-5,8,ketone
2-Decanone,-87.68,2.2515,10157.0,133.45,11.408,0.32019,143.17,0.04791,32.05,0.03581,94.848,2.6622,-44963.0,51.293,-62.093,0.12131,-50005.0,150.93,-75.052,0.38394,90.0,250.0,0.99999,0.00011607,1.2897e-5,12,ketone
2-Undecanone,-90.746,1.4264,10809.0,87.384,11.741,0.20179,158.93,0.032814,32.546,0.03254,97.619,1.6777,-47694.0,48.233,-64.475,0.11068,-54422.0,125.52,-81.44,0.31216,90.0,250.0,1.0,7.3444e-5,7.3444e-6,13,ketone
2-Dodecanone,-89.348,3.6722,11194.0,231.92,11.441,0.51703,173.62,0.051884,32.817,0.11111,95.127,4.2988,-50573.0,171.63,-67.287,0.38348,-58527.0,398.53,-87.001,0.97011,90.0,250.0,1.0,4.3589e-5,7.2648e-6,9,ketone
2-Tridecanone,-97.945,3.4148,12163.0,221.29,12.566,0.47873,187.43,0.048255,33.273,0.097294,104.48,3.9804,-53008.0,155.4,-69.183,0.33675,-63187.0,417.94,-94.013,1.0043,90.0,250.0,0.99999,6.4558e-5,9.2226e-6,10,ketone
4-Methyl-2-pentanone,-89.244,6.8082,8184.2,340.03,12.129,0.99686,66.937,0.083312,28.492,0.18298,100.84,8.2884,-33752.0,217.4,-53.337,0.63785,-31426.0,290.09,-46.72,0.8393,90.0,250.0,0.99997,8.7545e-5,2.1886e-5,7,ketone
