Name,A,B,C,Tchar,thetachar,DeltaCp,DeltaHref,DeltaSref,beta0,Tref,R²_Kcentric,χ²_Kcentric,χ̄²_Kcentric,n_Kcentric,Cat_1
PCB 28,-157.74,17354.0,20.808,257.18,44.513,173.01,-81458.0,-118.67,250.0,90.0,0.99992,0.00061195,8.7421e-5,10,PCB
PCB 52,-198.04,20421.0,26.334,263.82,45.906,218.95,-90279.0,-136.98,250.0,90.0,0.99988,0.00088329,0.00012618,10,PCB
PCB 101,-130.46,16483.0,16.811,279.55,42.476,139.77,-86289.0,-120.98,250.0,90.0,0.99993,0.00073129,9.1412e-5,11,PCB
PCB 138,-148.22,18515.0,19.145,306.81,45.383,159.18,-96134.0,-134.86,250.0,90.0,0.99984,0.0016966,0.00021208,11,PCB
PCB 153,-98.217,14855.0,12.233,294.65,40.764,101.71,-86573.0,-115.36,250.0,90.0,0.99997,0.00023416,3.3451e-5,10,PCB
PCB 180,-132.88,17902.0,16.935,316.48,43.914,140.8,-97715.0,-133.98,250.0,90.0,0.99987,0.0015318,0.00019147,11,PCB
