Name,A,err_A,B,err_B,C,err_C,Tchar,err_Tchar,thetachar,err_thetachar,DeltaCp,err_DeltaCp,DeltaHref,err_DeltaHref,DeltaSref,err_DeltaSref,beta0,Tref,R²_Kcentric,χ²_Kcentric,χ̄²_Kcentric,n_Kcentric,Cat_1,Cat_2
Glyceryl triacetate,-499.15,125.38,37266.0,7894.0,69.033,17.656,173.1,1.1595,30.824,2.2556,573.97,146.8,-101410.0,12852.0,-192.74,31.558,250.0,90.0,0.99718,0.0018515,0.00061716,6,triglyceride,ester
Glyceryl tributyrate,-257.95,27.785,24417.0,1936.1,34.55,3.8481,229.76,0.30778,35.923,0.27734,287.27,31.995,-98689.0,4497.4,-164.03,10.459,250.0,90.0,0.99969,0.0023129,0.00033041,10,triglyceride,ester
Glyceryl trihexanoate,-188.84,20.96,22064.0,1588.2,24.456,2.8654,279.28,0.36766,35.679,0.53451,203.34,23.824,-109610.0,4636.7,-168.13,10.181,250.0,90.0,0.99968,0.0093626,0.00085115,14,triglyceride,ester
Glyceryl trioctanoate,-211.38,27.344,25948.0,2197.4,27.112,3.7033,318.75,0.27448,35.386,0.54949,225.42,30.791,-133880.0,7159.8,-203.29,15.197,250.0,90.0,0.99958,0.014787,0.00086984,20,triglyceride,ester
Glyceryl tridecanoate,-394.74,65.672,41657.0,5590.7,51.841,8.818,357.5,1.2,44.375,2.8054,431.03,73.317,-189820.0,20186.0,-310.16,41.164,250.0,90.0,0.99636,0.083195,0.0039617,24,triglyceride,ester
Glyceryl trilaurate,-543.67,127.33,55893.0,11394.0,71.568,16.969,393.69,3.3938,54.435,8.6086,595.05,141.09,-248630.0,44256.0,-417.58,87.316,250.0,90.0,0.99883,0.0039493,0.00039493,13,triglyceride,ester
Glyceryl trimyristine,-655.14,198.66,66369.0,27435.0,86.428,25.872,471.37,130.28,274.27,2095.4,718.6,215.11,-290860.0,181970.0,-492.57,265.34,250.0,90.0,0.99916,0.0091803,0.00091803,13,triglyceride,ester
Glyceryl tripalmitin,-493.02,661.78,53703.0,529250.0,64.545,23.507,556.97,5727.5,5634.7,1.735e7,536.66,195.45,-251620.0,4.3983e6,-399.0,5293.8,250.0,90.0,0.99897,0.0034491,0.00057485,9,triglyceride,ester
