Name,A,B,C,Tchar,thetachar,DeltaCp,DeltaHref,DeltaSref,beta0,Tref,R²_Kcentric,χ²_Kcentric,χ̄²_Kcentric,n_Kcentric,Cat_1
Propiophenone,-118.27,11800.0,15.878,154.16,36.408,132.02,-50168.0,-73.154,250.0,90.0,0.99999,0.00023094,2.566e-5,12,phenone
Butyrophenone,-108.58,11653.0,14.39,165.94,36.145,119.65,-53435.0,-77.815,250.0,90.0,0.99999,0.00021224,2.653e-5,11,phenone
Valerophenone,-126.39,13172.0,16.817,180.35,37.085,139.82,-58742.0,-86.832,250.0,90.0,0.99998,0.00020602,2.5753e-5,11,phenone
Hexanophenone,-124.58,13543.0,16.449,193.72,37.169,136.76,-62942.0,-92.885,250.0,90.0,0.99998,0.00023815,3.4022e-5,10,phenone
Heptanophenone,-95.773,12296.0,12.25,205.11,35.534,101.85,-65244.0,-94.041,250.0,90.0,0.99998,7.5338e-5,1.8835e-5,7,phenone
Octanophenone,-122.99,14383.0,16.012,217.92,36.987,133.13,-71239.0,-104.66,250.0,90.0,0.99998,0.00014797,2.9593e-5,8,phenone
