Name,A,B,C,Tchar,thetachar,DeltaCp,DeltaHref,DeltaSref,beta0,Tref,R²_Kcentric,χ²_Kcentric,χ̄²_Kcentric,n_Kcentric
Pentanol,-63.37,6853.3,8.3184,80.359,31.939,69.163,-31865.0,-50.02,125.0,90.0,0.9999,0.00142,0.00011834,15
Heptanol,-75.678,8519.3,9.8687,124.07,34.307,82.053,-41036.0,-63.483,125.0,90.0,0.99998,0.00054262,4.5218e-5,15
Nonanol,-78.272,9592.7,10.046,161.28,36.096,83.526,-49426.0,-74.892,125.0,90.0,0.99999,0.00016722,1.858e-5,12
Decanol,-79.359,10109.0,10.108,177.78,36.632,84.039,-53529.0,-80.398,125.0,90.0,0.99999,7.4043e-5,9.2553e-6,11
Undecanol,-83.553,10792.0,10.617,193.28,37.256,88.277,-57670.0,-86.045,125.0,90.0,0.99999,7.3624e-5,1.0518e-5,10
Dodecanol,-88.234,11526.0,11.187,207.5,37.574,93.016,-62050.0,-92.287,125.0,90.0,0.99999,3.3993e-5,8.4983e-6,7
