Name,A,err_A,B,err_B,C,err_C,Tchar,err_Tchar,thetachar,err_thetachar,DeltaCp,err_DeltaCp,DeltaHchar,err_DeltaHchar,DeltaSchar,err_DeltaSchar,DeltaHref,err_DeltaHref,DeltaSref,err_DeltaSref,Tref,beta0,R²_Kcentric,χ²_Kcentric,χ̄²_Kcentric,n_Kcentric,Cat_1
Pentanol,-162.05,9.8551,11672.0,482.55,22.81,1.448,58.934,0.13203,26.919,0.26176,189.66,12.04,-34062.0,332.32,-56.661,0.9982,-28170.0,502.31,-39.7,1.4722,90.0,250.0,0.99994,0.00010808,2.7021e-5,7,alcohol
Heptanol,-171.3,10.048,13375.0,540.21,23.797,1.4525,98.42,0.17032,30.458,0.1486,197.86,12.077,-37688.0,187.08,-55.522,0.49702,-39354.0,220.92,-60.057,0.58336,90.0,250.0,0.99989,0.00082101,0.00013683,9,alcohol
1-Nonanol,-146.01,6.6307,13101.0,385.75,19.86,0.9461,133.6,0.14984,32.935,0.16986,165.13,7.8663,-41766.0,217.6,-56.776,0.53095,-48965.0,408.76,-75.497,1.0419,90.0,250.0,0.99994,0.0012558,0.00013953,12,alcohol
1-Decanol,-142.11,4.3521,13442.0,261.35,19.153,0.61769,149.1,0.075841,33.298,0.10121,159.25,5.1357,-44520.0,136.26,-59.527,0.32102,-53931.0,333.49,-83.538,0.83938,90.0,250.0,0.99998,0.00026,3.25e-5,11,alcohol
1-Undecanol,-128.2,4.1998,13173.0,259.92,17.034,0.59322,163.55,0.06098,33.254,0.12138,141.63,4.9323,-47681.0,174.55,-63.278,0.39882,-58098.0,402.95,-89.397,0.99374,90.0,250.0,0.99999,0.00012223,1.7461e-5,10,alcohol
1-Dodecanol,-146.44,6.8638,14697.0,436.53,19.531,0.96526,177.33,0.1059,34.403,0.22291,162.39,8.0256,-49045.0,318.62,-62.964,0.7059,-63226.0,770.6,-97.957,1.8689,90.0,250.0,0.99998,0.00029201,4.1716e-5,10,alcohol
