Name,A,err_A,B,err_B,C,err_C,Tchar,err_Tchar,thetachar,err_thetachar,DeltaCp,err_DeltaCp,DeltaHchar,err_DeltaHchar,DeltaSchar,err_DeltaSchar,DeltaHref,err_DeltaHref,DeltaSref,err_DeltaSref,Tref,beta0,R²_Kcentric,χ²_Kcentric,χ̄²_Kcentric,n_Kcentric,Cat_1
PCB 28,-139.69,27.136,16193.0,1980.3,18.278,3.7314,256.41,0.25718,43.051,0.8623,151.97,31.024,-54160.0,1086.1,-56.366,2.0491,-79449.0,5276.3,-113.69,11.882,90.0,250.0,0.99995,6.6575e-5,2.2192e-5,6,PCB
PCB 52,-139.24,15.607,16484.0,1149.7,18.139,2.1428,262.17,0.15265,42.307,0.48522,150.82,17.817,-56317.0,646.71,-59.296,1.207,-82283.0,3135.2,-117.82,7.0184,90.0,250.0,0.99997,6.2811e-5,1.5703e-5,7,PCB
PCB 101,-121.2,26.258,15842.0,1990.8,15.529,3.5895,279.52,0.38514,42.073,0.96422,129.11,29.845,-60360.0,1385.9,-63.308,2.5041,-84829.0,5824.2,-117.53,12.781,90.0,250.0,0.99984,0.00083464,0.00013911,9,PCB
PCB 138,-64.362,16.69,12648.0,1318.7,7.5419,2.2682,303.32,0.5652,40.037,0.81709,62.707,18.859,-69012.0,1414.9,-73.807,2.446,-82389.0,4265.9,-102.78,9.0527,90.0,250.0,0.99995,0.00033329,5.5548e-5,9,PCB
PCB 138,-93.892,9.0386,14681.0,717.57,11.639,1.2278,305.12,0.3916,42.058,0.54377,96.773,10.209,-66106.0,859.37,-68.41,1.48,-86924.0,2360.0,-113.43,4.976,90.0,250.0,0.99999,4.8317e-5,9.6634e-6,8,PCB
PCB 153,-72.482,20.513,13036.0,1595.4,8.6783,2.7939,294.31,0.51267,39.699,0.86863,72.156,23.23,-67442.0,1480.7,-72.94,2.6026,-82184.0,4972.8,-105.15,10.691,90.0,250.0,0.99992,0.00050566,8.4276e-5,9,PCB
PCB 180,-119.47,22.573,16960.0,1819.5,15.082,3.0587,316.06,0.85485,43.001,1.3185,125.4,25.431,-67127.0,2067.5,-68.018,3.4971,-95475.0,6113.8,-128.71,12.799,90.0,250.0,0.99982,0.0021892,0.00027365,11,PCB
