Name,A,err_A,B,err_B,C,err_C,Tchar,err_Tchar,thetachar,err_thetachar,DeltaCp,err_DeltaCp,DeltaHref,err_DeltaHref,DeltaSref,err_DeltaSref,beta0,Tref,R²_Kcentric,χ²_Kcentric,χ̄²_Kcentric,n_Kcentric,Cat_1
Propiophenone,-76.214,1.1328,9179.7,67.019,9.8883,0.16118,141.63,0.034934,33.878,0.030177,82.216,1.3402,-46467.0,79.379,-66.817,0.20049,250.0,90.0,1.0,8.7936e-5,7.9942e-6,14,phenone
Butyrophenone,-78.035,0.99501,9675.8,60.551,10.064,0.14091,155.77,0.024647,34.326,0.023146,83.673,1.1716,-50063.0,83.011,-71.91,0.20748,250.0,90.0,1.0,3.5684e-5,3.5684e-6,13,phenone
Valerophenone,-79.691,1.7624,10231.0,110.71,10.201,0.24832,171.32,0.034558,34.674,0.051988,84.815,2.0647,-54266.0,182.58,-77.806,0.44698,250.0,90.0,1.0,6.3029e-5,7.0032e-6,12,phenone
Hexanophenone,-79.987,1.6469,10704.0,106.51,10.146,0.23099,185.82,0.030669,34.833,0.058348,84.36,1.9206,-58364.0,202.6,-83.398,0.4859,250.0,90.0,1.0,2.9543e-5,3.6928e-6,11,phenone
Heptanophenone,-88.13,4.2302,11644.0,280.61,11.207,0.5909,199.45,0.072901,35.186,0.15159,93.177,4.913,-62976.0,584.28,-90.314,1.3812,250.0,90.0,0.99999,4.6531e-5,7.7552e-6,9,phenone
Octanophenone,-96.662,5.0227,12618.0,341.57,12.319,0.69895,212.34,0.11598,35.512,0.20711,102.42,5.8114,-67715.0,781.36,-97.498,1.8136,250.0,90.0,1.0,2.7907e-5,5.5814e-6,8,phenone
