Name,A,err_A,B,err_B,C,err_C,Tchar,err_Tchar,thetachar,err_thetachar,DeltaCp,err_DeltaCp,DeltaHref,err_DeltaHref,DeltaSref,err_DeltaSref,beta0,Tref,R²_Kcentric,χ²_Kcentric,χ̄²_Kcentric,n_Kcentric,Cat_1
Benzene,-95.732,5.7546,7133.2,272.61,13.659,0.85233,40.726,0.72936,34.618,0.57126,113.57,7.0867,-18066.0,558.18,-12.917,1.6757,250.0,90.0,0.9992,0.0024719,0.00022472,14,BTEX
Ethylbenzene,-123.27,3.3465,9897.2,177.27,17.224,0.48533,89.926,0.13021,36.18,0.186,143.21,4.0352,-30284.0,160.89,-37.5,0.43657,250.0,90.0,0.99989,0.001179,9.8247e-5,15,BTEX
Toluene,-125.43,1.606,9445.5,81.044,17.708,0.23497,68.46,0.074301,34.359,0.10969,147.23,1.9536,-25068.0,102.17,-27.755,0.29397,250.0,90.0,0.99998,0.00013957,1.5508e-5,12,BTEX
o-Xylene,-126.11,2.5171,10270.0,135.32,17.564,0.36407,96.698,0.10154,36.247,0.12391,146.04,3.027,-32355.0,113.77,-41.599,0.30197,250.0,90.0,0.99996,0.00050329,5.0329e-5,13,BTEX
m-Xylene,-128.56,2.8014,10280.0,148.95,17.951,0.406,91.58,0.10921,35.635,0.14866,149.26,3.3756,-31274.0,134.2,-39.839,0.36216,250.0,90.0,0.99994,0.00062589,6.2589e-5,13,BTEX
p-Xylene,-129.1,2.3906,10315.0,127.15,18.027,0.34645,91.668,0.093622,35.598,0.12729,149.89,2.8806,-31335.0,115.23,-39.986,0.31087,250.0,90.0,0.99997,0.00036063,4.007e-5,12,BTEX
