Name,A,err_A,B,err_B,C,err_C,Tchar,err_Tchar,thetachar,err_thetachar,DeltaCp,err_DeltaCp,DeltaHchar,err_DeltaHchar,DeltaSchar,err_DeltaSchar,DeltaHref,err_DeltaHref,DeltaSref,err_DeltaSref,Tref,beta0,R²_Kcentric,χ²_Kcentric,χ̄²_Kcentric,n_Kcentric,Cat_1
PCB 28,-29.121,8.3632,8465.4,592.77,2.9056,1.1552,239.52,0.20709,37.678,0.1319,24.159,9.6047,-58000.0,208.38,-67.225,0.39868,-61612.0,1451.3,-75.556,3.336,90.0,250.0,0.9999,0.0019302,0.00017547,14,PCB
PCB 52,-37.294,7.7724,9284.1,556.92,3.9883,1.0717,246.13,0.19197,37.383,0.10735,33.161,8.9105,-59973.0,177.84,-69.586,0.3344,-65150.0,1402.7,-81.445,3.2042,90.0,250.0,0.99992,0.0016613,0.00015102,14,PCB
PCB 101,-64.012,4.2652,11648.0,314.7,7.6106,0.5854,263.8,0.10461,38.128,0.074901,63.278,4.8673,-62873.0,125.92,-71.184,0.23115,-73871.0,855.48,-95.932,1.9177,90.0,250.0,0.99998,0.0004504,4.504e-5,13,PCB
PCB 138,-83.604,7.7727,13656.0,594.89,10.229,1.0608,286.36,0.2164,39.461,0.19677,85.047,8.8198,-65959.0,332.83,-71.98,0.5896,-82659.0,1764.2,-108.74,3.8581,90.0,250.0,0.99991,0.0033296,0.00025612,16,PCB
PCB 153,-77.178,3.0483,13067.0,231.2,9.3566,0.4166,280.64,0.075862,38.893,0.072758,77.795,3.4638,-65562.0,123.96,-72.48,0.22207,-80393.0,672.05,-105.31,1.4785,90.0,250.0,0.99999,0.00036292,3.0244e-5,15,PCB
PCB 180,-82.719,4.7274,13977.0,369.3,10.051,0.64316,299.31,0.10994,39.853,0.13737,83.57,5.3475,-68370.0,237.13,-73.524,0.41231,-85862.0,1144.4,-111.56,2.4687,90.0,250.0,0.99997,0.00079181,6.5984e-5,15,PCB
