Name,A,B,C,Tchar,thetachar,DeltaCp,DeltaHref,DeltaSref,beta0,Tref,R²_ABC,R²_Kcentric,χ²_ABC,χ²_Kcentric,χ̄²_ABC,χ̄²_Kcentric,n_ABC,n_Kcentric,approx_equal,WLS,Cat_1,Cat_2
Glyceryl triacetate,-499.15,37266.0,69.033,173.1,30.824,573.97,-101410.0,-192.74,250.0,90.0,0.99718,0.99718,0.0018515,0.0018515,0.00061716,0.00061716,6,6,true,false,triglyceride,ester
Glyceryl tributyrate,-257.95,24417.0,34.55,229.76,35.923,287.27,-98689.0,-164.03,250.0,90.0,0.99969,0.99969,0.0023129,0.0023129,0.00033041,0.00033041,10,10,true,false,triglyceride,ester
Glyceryl trihexanoate,-188.84,22064.0,24.456,279.28,35.679,203.34,-109610.0,-168.13,250.0,90.0,0.99968,0.99968,0.0093626,0.0093626,0.00085115,0.00085115,14,14,true,false,triglyceride,ester
Glyceryl trioctanoate,-224.17,26881.0,28.869,319.02,35.834,240.03,-136340.0,-208.86,250.0,90.0,0.9992,0.9992,0.028966,0.028966,0.0016092,0.0016092,21,21,true,false,triglyceride,ester
Glyceryl tridecanoate,-394.74,41657.0,51.841,357.5,44.375,431.03,-189820.0,-310.16,250.0,90.0,0.99658,0.99658,0.083195,0.083195,0.0039617,0.0039617,24,24,true,false,triglyceride,ester
Glyceryl trilaurate,-677.77,67038.0,89.627,396.75,64.14,745.2,-286770.0,-497.23,250.0,90.0,0.99859,0.99859,0.006188,0.006188,0.00056255,0.00056255,14,14,true,false,triglyceride,ester
Glyceryl trimyristine,-655.14,66369.0,86.428,471.37,274.27,718.6,-290860.0,-492.57,250.0,90.0,0.99781,0.99781,0.0091803,0.0091803,0.00091803,0.00091803,13,13,true,false,triglyceride,ester
Glyceryl tripalmitin,-858.28,83680.0,113.83,556.97,5634.7,536.66,-352050.0,-610.49,250.0,90.0,0.99973,0.99897,0.00090595,0.0034491,0.00015099,0.00057485,9,9,false,false,triglyceride,ester
