Name,A,err_A,B,err_B,C,err_C,Tchar,err_Tchar,thetachar,err_thetachar,DeltaCp,err_DeltaCp,DeltaHchar,err_DeltaHchar,DeltaSchar,err_DeltaSchar,DeltaHref,err_DeltaHref,DeltaSref,err_DeltaSref,Tref,beta0,R²_Kcentric,χ²_Kcentric,χ̄²_Kcentric,n_Kcentric,Cat_1
Pentanol,-125.18,6.0377,9693.4,301.01,17.511,0.88532,63.266,0.31566,29.765,0.32684,145.6,7.3609,-31614.0,352.18,-48.066,1.0356,-27722.0,412.69,-36.932,1.1967,90.0,250.0,0.99979,0.00098604,0.00010956,12,alcohol
Heptanol,-126.43,2.1684,11044.0,118.81,17.315,0.31255,105.71,0.076804,32.011,0.0656,143.96,2.5987,-37280.0,77.878,-52.494,0.20264,-39541.0,90.483,-58.59,0.23491,90.0,250.0,0.99998,0.00048796,4.0664e-5,15,alcohol
1-Nonanol,-100.33,5.9233,10636.0,350.66,13.309,0.84268,142.09,0.20398,33.749,0.14139,110.66,7.0065,-42479.0,182.79,-56.391,0.43151,-48244.0,411.13,-71.225,1.0377,90.0,250.0,0.99989,0.0030204,0.00027458,14,alcohol
1-Decanol,-117.53,1.7513,12182.0,107.05,15.626,0.24783,157.89,0.042529,34.111,0.042671,129.92,2.0605,-45287.0,57.352,-59.158,0.13184,-54107.0,151.61,-81.424,0.37752,90.0,250.0,0.99999,0.00011077,1.1077e-5,13,alcohol
1-Undecanol,-113.41,2.0425,12443.0,128.74,14.922,0.28764,172.92,0.039937,34.385,0.061982,124.07,2.3916,-48114.0,87.156,-61.954,0.19467,-58402.0,216.88,-87.471,0.52931,90.0,250.0,1.0,8.4922e-5,9.4358e-6,12,alcohol
