Name,A,B,C,Tchar,thetachar,DeltaCp,DeltaHref,DeltaSref,beta0,Tref,R²_Kcentric,χ²_Kcentric,χ̄²_Kcentric,n_Kcentric,Cat_1
Pentanol,-162.05,11672.0,22.81,58.934,26.919,189.66,-28170.0,-39.7,250.0,90.0,0.99994,0.00010808,2.7021e-5,7,alcohol
Heptanol,-171.3,13375.0,23.797,98.42,30.458,197.86,-39354.0,-60.057,250.0,90.0,0.99989,0.00082101,0.00013683,9,alcohol
Nonanol,-146.01,13101.0,19.86,133.6,32.935,165.13,-48965.0,-75.497,250.0,90.0,0.99994,0.0012558,0.00013953,12,alcohol
Decanol,-142.11,13442.0,19.153,149.1,33.298,159.25,-53931.0,-83.538,250.0,90.0,0.99998,0.00026,3.25e-5,11,alcohol
Undecanol,-128.2,13173.0,17.034,163.55,33.254,141.63,-58098.0,-89.397,250.0,90.0,0.99999,0.00012223,1.7461e-5,10,alcohol
Dodecanol,-146.44,14697.0,19.531,177.33,34.403,162.39,-63226.0,-97.957,250.0,90.0,0.99998,0.00029201,4.1716e-5,10,alcohol
