Name,A,B,C,Tchar,thetachar,DeltaCp,DeltaHref,DeltaSref,beta0,Tref,R²_Kcentric,χ²_Kcentric,χ̄²_Kcentric,n_Kcentric
"1,2-Dimethylbenzene",-126.11,10270.0,17.564,96.698,36.247,146.04,-32355.0,-41.599,250.0,90.0,0.99996,0.00050329,5.0329e-5,13
Ethylbenzene,-123.27,9897.2,17.224,89.926,36.18,143.21,-30284.0,-37.5,250.0,90.0,0.99989,0.001179,9.8247e-5,15
