Name,A,B,C,Tchar,thetachar,DeltaCp,DeltaHref,DeltaSref,beta0,Tref,R²_Kcentric,χ²_Kcentric,χ̄²_Kcentric,n_Kcentric,Cat_1
2-Hexanone,-80.869,7451.0,10.998,55.828,28.235,91.439,-28745.0,-41.93,250.0,90.0,0.99996,0.00011636,2.3271e-5,8,ketone
2-Decanone,-87.68,10157.0,11.408,143.17,32.05,94.848,-50005.0,-75.052,250.0,90.0,0.99999,0.00011607,1.2897e-5,12,ketone
2-Undecanone,-90.746,10809.0,11.741,158.93,32.546,97.619,-54422.0,-81.44,250.0,90.0,1.0,7.3444e-5,7.3444e-6,13,ketone
2-Dodecanone,-89.348,11194.0,11.441,173.62,32.817,95.127,-58527.0,-87.001,250.0,90.0,1.0,4.3589e-5,7.2648e-6,9,ketone
2-Tridecanone,-97.945,12163.0,12.566,187.43,33.273,104.48,-63187.0,-94.013,250.0,90.0,0.99999,6.4558e-5,9.2226e-6,10,ketone
4-Methyl-2-pentanone,-89.244,8184.2,12.129,66.937,28.492,100.84,-31426.0,-46.72,250.0,90.0,0.99997,8.7545e-5,2.1886e-5,7,ketone
