Name,A,err_A,B,err_B,C,err_C,Tchar,err_Tchar,thetachar,err_thetachar,DeltaCp,err_DeltaCp,DeltaHref,err_DeltaHref,DeltaSref,err_DeltaSref,beta0,Tref,R²_Kcentric,χ²_Kcentric,χ̄²_Kcentric,n_Kcentric
Pentanol,-63.37,3.6512,6853.3,189.41,8.3184,0.53154,80.359,0.13894,31.939,0.19181,69.163,4.4195,-31865.0,203.03,-50.02,0.56885,125.0,90.0,0.9999,0.00142,0.00011834,15
Heptanol,-75.678,2.295,8519.3,130.73,9.8687,0.32857,124.07,0.090034,34.307,0.050704,82.053,2.7319,-41036.0,111.67,-63.483,0.28619,125.0,90.0,0.99998,0.00054262,4.5218e-5,15
Nonanol,-78.272,2.7089,9592.7,166.89,10.046,0.38292,161.28,0.058588,36.096,0.09144,83.526,3.1837,-49426.0,252.79,-74.892,0.62484,125.0,90.0,0.99999,0.00016722,1.858e-5,12
Decanol,-79.359,2.4643,10109.0,157.08,10.108,0.34649,177.78,0.053628,36.632,0.10632,84.039,2.8809,-53529.0,286.59,-80.398,0.69119,125.0,90.0,0.99999,7.4043e-5,9.2553e-6,11
Undecanol,-83.553,3.6303,10792.0,238.12,10.617,0.50803,193.28,0.069153,37.256,0.14857,88.277,4.224,-57670.0,477.74,-86.045,1.1362,125.0,90.0,0.99999,7.3624e-5,1.0518e-5,10
Dodecanol,-88.234,8.0797,11526.0,546.74,11.187,1.1258,207.5,0.30994,37.574,0.47227,93.016,9.3608,-62050.0,1277.3,-92.287,2.9477,125.0,90.0,0.99999,3.3993e-5,8.4983e-6,7
