Name,A,B,C,Tchar,thetachar,DeltaCp,DeltaHref,DeltaSref,beta0,Tref,R²_Kcentric,χ²_Kcentric,χ̄²_Kcentric,n_Kcentric,Cat_1
Benzene,8.5765,2400.3,-1.9065,32.455,31.31,-15.851,-25714.0,-37.982,250.0,90.0,0.99925,0.0011644,0.00029111,7,BTEX
Ethylbenzene,-82.834,8227.0,11.096,81.076,29.203,92.253,-34901.0,-52.649,250.0,90.0,0.99995,0.00026101,4.3502e-5,9,BTEX
Toluene,-63.732,6765.6,8.4312,60.799,28.234,70.101,-30795.0,-46.56,250.0,90.0,0.9999,0.00040129,6.6882e-5,9,BTEX
o-Xylene,-61.233,7253.8,7.9308,89.118,29.958,65.94,-36365.0,-54.473,250.0,90.0,0.99999,7.0715e-5,1.4143e-5,8,BTEX
m-Xylene,-69.964,7604.3,9.2083,82.057,29.116,76.562,-35422.0,-53.834,250.0,90.0,0.99996,0.00022226,3.7044e-5,9,BTEX
p-Xylene,-69.964,7604.3,9.2083,82.057,29.116,76.562,-35422.0,-53.834,250.0,90.0,0.99996,0.00022226,3.7044e-5,9,BTEX
