Name,A,B,C,Tchar,thetachar,DeltaCp,DeltaHref,DeltaSref,beta0,Tref,R²_Kcentric,χ²_Kcentric,χ̄²_Kcentric,n_Kcentric
4-Methyl-2-pentanone,-63.108,6730.2,8.3021,74.484,31.437,69.027,-30891.0,-48.782,125.0,90.0,0.99998,0.0001924,2.405e-5,11
2-Hexanone,-59.914,6798.3,7.7863,85.967,32.224,64.739,-33015.0,-51.792,125.0,90.0,0.99999,0.00012526,1.2526e-5,13
2-Decanone,-76.481,9568.9,9.7777,165.11,36.352,81.296,-50037.0,-75.378,125.0,90.0,0.99999,0.00010304,1.0304e-5,13
2-Undecanone,-77.399,10062.0,9.8199,181.4,36.906,81.647,-54012.0,-80.591,125.0,90.0,1.0,5.1973e-5,6.4966e-6,11
2-Dodecanone,-81.945,10779.0,10.374,196.52,37.348,86.257,-58294.0,-86.597,125.0,90.0,1.0,4.3436e-5,6.2052e-6,10
2-Tridecanone,-96.37,12110.0,12.322,210.75,38.088,102.45,-63488.0,-94.899,125.0,90.0,0.99999,3.3103e-5,6.6207e-6,8
2-Pentadecanone,-114.43,14073.0,14.705,237.31,39.681,122.27,-72609.0,-108.44,125.0,90.0,1.0,6.5555e-6,1.6389e-6,7
