Name,A,err_A,B,err_B,C,err_C,Tchar,err_Tchar,thetachar,err_thetachar,DeltaCp,err_DeltaCp,DeltaHchar,err_DeltaHchar,DeltaSchar,err_DeltaSchar,DeltaHref,err_DeltaHref,DeltaSref,err_DeltaSref,Tref,beta0,R²_Kcentric,χ²_Kcentric,χ̄²_Kcentric,n_Kcentric,Cat_1
PCB 28,-157.74,14.089,17354.0,1032.0,20.808,1.9369,257.18,0.27892,44.513,0.6941,173.01,16.104,-52534.0,821.03,-53.151,1.5455,-81458.0,2816.2,-118.67,6.2928,90.0,250.0,0.99992,0.00061195,8.7421e-5,10,PCB
PCB 52,-198.04,17.91,20421.0,1325.1,26.334,2.458,263.82,0.30885,45.906,0.84816,218.95,20.437,-52222.0,966.72,-51.346,1.7977,-90279.0,3683.2,-136.98,8.1948,90.0,250.0,0.99988,0.00088329,0.00012618,10,PCB
PCB 101,-130.46,12.257,16483.0,931.6,16.811,1.6755,279.55,0.29515,42.476,0.59626,139.77,13.931,-59795.0,841.8,-62.279,1.5198,-86289.0,2772.7,-120.98,6.0462,90.0,250.0,0.99993,0.00073129,9.1412e-5,11,PCB
PCB 138,-148.22,19.902,18515.0,1578.9,19.145,2.7026,306.81,0.59977,45.383,1.151,159.18,22.471,-61622.0,1568.0,-60.345,2.697,-96134.0,5121.3,-134.86,10.863,90.0,250.0,0.99984,0.0016966,0.00021208,11,PCB
PCB 153,-98.217,9.7054,14855.0,756.53,12.233,1.3217,294.65,0.30406,40.764,0.48785,101.71,10.99,-65758.0,790.12,-69.905,1.3874,-86573.0,2384.9,-115.36,5.1049,90.0,250.0,0.99997,0.00023416,3.3451e-5,10,PCB
PCB 180,-132.88,18.954,17902.0,1529.0,16.935,2.568,316.48,0.73959,43.914,1.1675,140.8,21.351,-65825.0,1757.8,-65.73,2.9713,-97715.0,5149.6,-133.98,10.77,90.0,250.0,0.99987,0.0015318,0.00019147,11,PCB
