Name,A,err_A,B,err_B,C,err_C,Tchar,err_Tchar,thetachar,err_thetachar,DeltaCp,err_DeltaCp,DeltaHchar,err_DeltaHchar,DeltaSchar,err_DeltaSchar,DeltaHref,err_DeltaHref,DeltaSref,err_DeltaSref,Tref,beta0,R²_Kcentric,χ²_Kcentric,χ̄²_Kcentric,n_Kcentric
o-Xylene,-126.11,2.5171,10270.0,135.32,17.564,0.36407,96.698,0.10154,36.247,0.12391,146.04,3.027,-31377.0,108.64,-38.929,0.29095,-32355.0,113.77,-41.599,0.30197,90.0,250.0,0.99996,0.00050329,5.0329e-5,13
Ethylbenzene,-123.27,3.3465,9897.2,177.27,17.224,0.48533,89.926,0.13021,36.18,0.186,143.21,4.0352,-30294.0,157.25,-37.53,0.42998,-30284.0,160.89,-37.5,0.43657,90.0,250.0,0.99989,0.001179,9.8247e-5,15
