Name,A,B,C,Tchar,thetachar,DeltaCp,DeltaHref,DeltaSref,beta0,Tref,R²_Kcentric,χ²_Kcentric,χ̄²_Kcentric,n_Kcentric,Cat_1
Benzene,-95.732,7133.2,13.659,40.726,34.618,113.57,-18066.0,-12.917,250.0,90.0,0.9992,0.0024719,0.00022472,14,BTEX
Ethylbenzene,-123.27,9897.2,17.224,89.926,36.18,143.21,-30284.0,-37.5,250.0,90.0,0.99989,0.001179,9.8247e-5,15,BTEX
Toluene,-125.43,9445.5,17.708,68.46,34.359,147.23,-25068.0,-27.755,250.0,90.0,0.99998,0.00013957,1.5508e-5,12,BTEX
o-Xylene,-126.11,10270.0,17.564,96.698,36.247,146.04,-32355.0,-41.599,250.0,90.0,0.99996,0.00050329,5.0329e-5,13,BTEX
m-Xylene,-128.56,10280.0,17.951,91.58,35.635,149.26,-31274.0,-39.839,250.0,90.0,0.99994,0.00062589,6.2589e-5,13,BTEX
p-Xylene,-129.1,10315.0,18.027,91.668,35.598,149.89,-31335.0,-39.986,250.0,90.0,0.99997,0.00036063,4.007e-5,12,BTEX
