Name,A,B,C,Tchar,thetachar,DeltaCp,DeltaHref,DeltaSref,beta0,Tref,R²_Kcentric,χ²_Kcentric,χ̄²_Kcentric,n_Kcentric
PCB 28,-101.55,13300.0,13.001,269.33,47.105,108.1,-71330.0,-98.992,125.0,90.0,0.99999,5.4783e-5,6.8479e-6,11
PCB 52,-108.61,14057.0,13.925,276.1,47.072,115.78,-74832.0,-104.77,125.0,90.0,0.99999,6.5045e-5,7.2273e-6,12
PCB 101,-111.16,14804.0,14.179,294.81,47.78,117.89,-80277.0,-111.41,125.0,90.0,1.0,5.0424e-6,7.2034e-7,10
PCB 138,-107.39,15187.0,13.561,318.7,48.915,112.75,-85325.0,-115.53,125.0,90.0,1.0,4.0017e-5,5.0021e-6,11
PCB 153,-106.02,14985.0,13.377,312.05,47.854,111.22,-84199.0,-114.6,125.0,90.0,1.0,4.1581e-5,5.9401e-6,10
PCB 180,-95.041,14747.0,11.783,330.9,47.826,97.972,-87035.0,-114.72,125.0,90.0,0.99999,8.5642e-5,1.4274e-5,9
