Name,A,B,C,Tchar,thetachar,DeltaCp,DeltaHref,DeltaSref,Tref,beta0,lambertw_x,Cat_1
"2,3-Butanediol",-50.02,6670.9,6.13,73.47,26.428,50.968,-50878.0,-135.58,90.0,160.0,-0.13595,alcohol
Decane,-45.96,7279.7,5.42,115.89,29.268,45.064,-56471.0,-134.29,90.0,160.0,-0.10933,alkane
1-Octanol,-64.37,8586.8,8.02,129.05,30.173,66.682,-65394.0,-168.46,90.0,160.0,-0.18582,alcohol
Undecane,-55.89,8239.7,6.78,134.44,30.337,56.372,-63435.0,-154.66,90.0,160.0,-0.1512,alkane
"2,6-Dimethylaniline",-59.5,8397.7,7.4,150.8,34.168,61.527,-64285.0,-156.32,90.0,160.0,-0.18412,amine
Methyl decanoate,-80.29,10590.0,10.09,170.6,32.217,83.893,-80497.0,-206.17,90.0,160.0,-0.22218,FAME
Methyl laurate,-100.61,12647.0,12.81,198.16,33.61,106.51,-95564.0,-250.74,90.0,160.0,-0.25787,FAME
