Name,A,B,C,Tchar,thetachar,DeltaCp,DeltaHref,DeltaSref,Tref,beta0,lambertw_x
"2,3-Butanediol",-50.02,6670.88,6.13,73.46958397603237,26.428165780514572,50.96765584927936,-50877.69336375094,-135.57701364609355,90.0,160.0,-0.13594822961929828
Decane,-45.96,7279.67,5.42,115.88602097076273,29.268275375260725,45.06438739039056,-56470.74922235644,-134.28714837314365,90.0,160.0,-0.10933499789785303
1-Octanol,-64.37,8586.84,8.02,129.05113967123407,30.17349720911737,66.68199019758897,-65393.58107027996,-168.4637042049563,90.0,160.0,-0.18582469066519391
Undecane,-55.89,8239.73,6.78,134.4440184287053,30.337020719718733,56.37205655107896,-63435.441979078685,-154.6597339725559,90.0,160.0,-0.15119758483983187
"2,6-Dimethylaniline",-59.5,8397.66,7.4,150.80405953198033,34.16794273794767,61.52702337433398,-64284.59804627067,-156.32360763931953,90.0,160.0,-0.18412388396419277
Methyl decanoate,-80.29,10589.67,10.09,170.60187448136082,32.21676129597191,83.89292781716618,-80497.05185003385,-206.17306793035414,90.0,160.0,-0.22217618780493517
Methyl laurate,-100.61,12646.66,12.81,198.15946883763098,33.60967982412525,106.50826613854301,-95564.43786202498,-250.74289193352908,90.0,160.0,-0.2578734245455817
