Name,A,B,C,Tchar,thetachar,DeltaCp,DeltaHref,DeltaSref,Tref,beta0,lambertw_x
2-heptanone,387.18,-13813.0,-58.465,-96.904,-8.8536,-486.1,71095.0,545.73,90.0,625.0,-0.35083
trans-5-decene,283.39,-8860.9,-42.997,-140.52,-5.5706,-357.49,41499.0,390.12,90.0,625.0,-0.32854
2-nonanol,223.93,-5845.7,-34.167,-179.38,-3.3284,-284.08,23036.0,299.43,90.0,625.0,-0.29428
methyl nonanoate,199.79,-4573.6,-30.509,-199.69,-2.3137,-253.66,15197.0,266.0,90.0,625.0,-0.26516
undecanal,178.96,-3517.9,-27.374,-216.36,-1.6424,-227.6,8764.9,236.19,90.0,625.0,-0.23543
n-pentadecane,176.76,-3233.7,-26.93,-223.53,-1.2973,-223.91,6734.5,238.17,90.0,625.0,-0.21517
