Name,A,B,C,Tchar,thetachar,DeltaCp,DeltaHref,DeltaSref,Tref,beta0,lambertw_x
Decane,279.9317,-8706.1087,-42.4743,-141.95561408680427,-5.492504888236395,-353.1509795822261,40603.02717332835,385.21848269315365,90.0,625.0,-0.3275336654197932
1-Octanol,231.2608,-6222.3054,-35.2768,-173.68091763731394,-3.646445179246888,-293.3076348880682,25337.4385071069,309.6731099051164,90.0,625.0,-0.3010607497509855
Undecane,229.6781,-6201.8262,-34.9777,-173.67728076774225,-3.63446263729409,-290.8207791189786,25390.98198347529,310.1910433269214,90.0,625.0,-0.29984974400156794
"2,6-Dimethylaniline",161.7902,-3004.0433,-24.8651,-220.0676621010908,-1.673094355131271,-206.73994444664214,6370.410720965902,208.16822417235198,90.0,625.0,-0.2337362561384661
Methyl decanoate,173.3418,-3141.8003,-26.5776,-223.28171414866216,-1.3690912006301812,-220.97846168022954,6234.319596831974,225.90443577976305,90.0,625.0,-0.22148639839337458
Methyl laurate,154.4987,-1967.84,-23.7206,-244.36487228853076,-0.644792302196772,-197.22404198016574,-1388.631659708248,199.87897239913445,90.0,625.0,-0.16145576583644466
