Name,A,B,C,Tchar,thetachar,DeltaCp,DeltaHref,DeltaSref,Tref,beta0,lambertw_x
Naphthalene,143.7983,-2224.6318,-22.1569,-233.1626910211099,-1.1944872933555968,-184.2227167841595,1916.5734296805979,182.4157106399509,90.0,625.0,-0.20387459273665803
Acenaphthylene,108.5452,-174.4166,-16.8642,-271.23683822796727,-0.025748290865098285,-140.21676048505987,-11169.328142970002,131.32951252185214,90.0,625.0,-0.024271969934880618
Acenaphthene,106.6473,-11.1973,-16.5846,-273.0713570517268,-0.0006251581377758244,-137.8920367370242,-12317.18377405793,128.3350320691522,90.0,625.0,-0.001604204655501073
Fluorene,102.5193,324.5194,-15.9537,159.33929803393602,25.89127995081581,-132.64644227123134,-14636.384224576337,122.86270155101411,90.0,625.0,0.049298091500790335
Fluoranthene,71.8331,2535.4045,-11.4174,212.318977892065,29.174839271923545,-94.9295454965028,-29624.18503183276,75.15919237434053,90.0,625.0,0.7227283615653055
Pyrene,72.7065,2452.1307,-11.5005,217.87080399982466,29.768859483304936,-95.62047734007133,-28993.99200058236,78.62105039023822,90.0,625.0,0.6703688219128474
Benzo[a]pyrene,128.3663,-845.0117,-19.064,-262.0335084615113,-0.19519655688460458,-158.50691535247336,-7239.804190170482,195.53893691089044,90.0,625.0,-0.07396230472976635
