Name,A,B,C,Tchar,thetachar,DeltaCp,DeltaHref,DeltaSref,Tref,beta0,lambertw_x,Cat_1
decane,281.31,-8755.6,-42.684,-141.83,-5.4746,-354.89,40858.0,387.07,90.0,625.0,-0.32758,alkane
1-octanol,233.34,-6305.9,-35.589,-172.95,-3.6647,-295.91,25799.0,312.64,90.0,625.0,-0.30171,alcohol
undecane,234.65,-6436.8,-35.711,-170.95,-3.7474,-296.91,26796.0,318.02,90.0,625.0,-0.30232,alkane
"2,6- dimethylaniline",165.91,-3198.7,-25.472,-216.82,-1.7985,-211.78,7535.0,214.66,90.0,625.0,-0.23985,
methyl decanoate,188.99,-3977.5,-28.841,-210.02,-1.8478,-239.8,11489.0,252.55,90.0,625.0,-0.24582,FAME
methyl laurate,173.53,-3033.0,-26.45,-227.02,-1.1741,-219.92,5425.1,233.26,90.0,625.0,-0.207,FAME
