Name,A,B,C,Tchar,thetachar,DeltaCp,DeltaHref,DeltaSref,Tref,beta0,lambertw_x
2-heptanone,387.1808,-13812.5882,-58.4646,-96.90431765403636,-8.853624062093246,-486.10173118528184,71095.09244216917,545.733286129569,90.0,625.0,-0.35082954712407227
trans-5-decene,283.3943,-8860.8554,-42.9966,-140.51505490447852,-5.570616826927073,-357.4936234076876,41498.824881469394,390.1244264486984,90.0,625.0,-0.3285449106811004
2-nonanol,223.9268,-5845.6965,-34.1673,-179.3794647741326,-3.328366400207,-284.08273861322715,23036.378551128786,299.43001480374517,90.0,625.0,-0.29428012850974306
methyl nonanoate,199.7856,-4573.6015,-30.5088,-199.68926353653902,-2.313699976238886,-253.66427712471355,15197.253760855363,266.0046584974798,90.0,625.0,-0.26516470273880444
undecanal,178.9601,-3517.8651,-27.3743,-216.36416943235992,-1.6423767340921793,-227.60259404811225,8764.924405325804,236.18611385290433,90.0,625.0,-0.2354298150656792
n-pentadecane,176.7571,-3233.6979,-26.9303,-223.5346746887777,-1.2972994064737051,-223.91097264565218,6734.472769841938,238.17256779356086,90.0,625.0,-0.2151712858983567
