Name,A,err_A,B,err_B,C,err_C,Tchar,err_Tchar,thetachar,err_thetachar,DeltaCp,err_DeltaCp,DeltaHref,err_DeltaHref,DeltaSref,err_DeltaSref,beta0,Tref,R²_Kcentric,χ²_Kcentric,χ̄²_Kcentric,n_Kcentric,Cat_1
Terpinolene,-68.696,1.7862,8405.4,100.99,8.8415,0.25614,119.46,0.026027,31.24,0.058696,73.512,2.1297,-43191.0,99.659,-64.319,0.25745,250.0,90.0,1.0,1.2687e-5,2.5375e-6,8,allergenic fragrances
Anethol,-78.881,0.99099,10256.0,61.901,10.036,0.13982,166.69,0.021406,33.117,0.039554,83.446,1.1626,-54971.0,106.57,-80.509,0.25904,250.0,90.0,1.0,1.6504e-6,3.3008e-7,8,allergenic fragrances
alpha Damascone,-87.621,0.64467,11045.0,40.926,11.227,0.090685,176.46,0.009669,33.705,0.019791,93.343,0.75399,-57937.0,71.529,-84.938,0.17375,250.0,90.0,1.0,2.5235e-6,3.605e-7,10,allergenic fragrances
Santalol A,-98.032,2.5142,12629.0,171.15,12.544,0.34973,213.9,0.044603,36.386,0.092311,104.29,2.9078,-67126.0,385.9,-95.999,0.89927,250.0,90.0,1.0,2.8391e-5,4.0559e-6,10,allergenic fragrances
Santalol B,-101.12,6.2494,12937.0,425.63,12.945,0.86907,214.91,0.079134,35.986,0.19136,107.63,7.2258,-68479.0,949.19,-98.673,2.2189,250.0,90.0,1.0,1.5131e-5,3.7829e-6,7,allergenic fragrances
Amylcinnamylaldehyd,-102.74,2.3295,13133.0,159.12,13.144,0.32387,215.63,0.043102,35.611,0.084978,109.29,2.6928,-69510.0,363.83,-100.68,0.84533,250.0,90.0,1.0,2.4348e-5,3.4783e-6,10,allergenic fragrances
Santalol C,-120.48,23.49,14255.0,1609.0,15.657,3.2625,219.54,0.091293,37.114,0.40509,130.18,27.126,-71245.0,3563.9,-104.18,8.3627,250.0,90.0,0.99998,1.4897e-5,7.4486e-6,5,allergenic fragrances
Santalol D,-117.46,25.231,14115.0,1734.0,15.223,3.5025,221.36,0.11407,37.124,0.47101,126.57,29.121,-71394.0,3888.1,-103.92,9.1004,250.0,90.0,0.99998,1.7169e-5,8.5847e-6,5,allergenic fragrances
