Name,A,err_A,B,err_B,C,err_C,Tchar,err_Tchar,thetachar,err_thetachar,DeltaCp,err_DeltaCp,DeltaHchar,err_DeltaHchar,DeltaSchar,err_DeltaSchar,DeltaHref,err_DeltaHref,DeltaSref,err_DeltaSref,Tref,beta0,R²_Kcentric,χ²_Kcentric,χ̄²_Kcentric,n_Kcentric,Cat_1
Farnesol A,-108.94,5.955,13698.0,402.29,13.933,0.82925,210.18,0.075096,33.545,0.16568,115.85,6.8948,-57903.0,286.56,-73.892,0.59201,-71825.0,876.98,-107.01,2.0583,90.0,250.0,0.99999,3.6088e-5,7.2175e-6,8,allergenic fragrances
Amylcinnamylalkohol A,-90.024,14.571,12533.0,988.0,11.279,2.0273,213.44,0.088686,33.608,0.26323,93.779,16.856,-58577.0,459.3,-74.473,0.94313,-70153.0,2130.9,-101.91,5.0216,90.0,250.0,0.99998,7.5434e-5,1.8858e-5,7,allergenic fragrances
Farnesol B,-143.29,4.9454,15819.0,337.2,18.806,0.68763,215.35,0.069363,35.982,0.15936,156.36,5.7173,-55141.0,244.72,-66.971,0.5002,-74741.0,757.59,-113.34,1.7679,90.0,250.0,0.99999,5.2339e-5,8.7231e-6,9,allergenic fragrances
Amylcinnamylalkohol B,-104.28,3.9309,13443.0,270.63,13.31,0.54588,219.72,0.080638,35.293,0.14891,110.66,4.5387,-57227.0,242.19,-70.203,0.49028,-71582.0,636.93,-104.0,1.4707,90.0,250.0,1.0,1.5638e-5,3.1276e-6,8,allergenic fragrances
Amylcinnamylalkohol C,-88.354,10.816,12353.0,746.93,11.112,1.5007,222.74,0.15778,35.938,0.33424,92.39,12.478,-56892.0,530.36,-68.819,1.0676,-69156.0,1739.5,-97.602,4.0316,90.0,250.0,1.0,5.1167e-7,5.1167e-7,4,allergenic fragrances
