Name,A,err_A,B,err_B,C,err_C,Tchar,err_Tchar,thetachar,err_thetachar,DeltaCp,err_DeltaCp,DeltaHref,err_DeltaHref,DeltaSref,err_DeltaSref,beta0,Tref,R²_Kcentric,χ²_Kcentric,χ̄²_Kcentric,n_Kcentric,Cat_1
Ebanol A,-91.994,1.7714,11324.0,112.08,11.834,0.2493,175.01,0.02015,33.36,0.049226,98.393,2.0728,-58420.0,191.16,-86.481,0.46616,250.0,90.0,1.0,4.3082e-6,8.6165e-7,8,allergenic fragrances
Ebanol B,-94.658,7.2293,11545.0,458.72,12.196,1.017,176.36,0.087462,33.328,0.20818,101.4,8.4556,-59166.0,795.75,-87.867,1.9356,250.0,90.0,0.99999,7.1694e-5,1.4339e-5,8,allergenic fragrances
Iso E Super A,-94.965,2.4567,12303.0,167.07,12.154,0.34177,213.41,0.043614,37.053,0.092552,101.05,2.8417,-65595.0,375.22,-92.836,0.87513,250.0,90.0,1.0,2.7114e-5,3.8735e-6,10,allergenic fragrances
Iso E Super B,-96.736,3.5892,12420.0,243.95,12.407,0.49917,214.72,0.025811,37.385,0.084073,103.16,4.1503,-65801.0,531.2,-93.049,1.2494,250.0,90.0,1.0,4.5734e-6,1.1434e-6,7,allergenic fragrances
Iso E Super C,-96.021,5.507,12334.0,376.07,12.331,0.76535,217.2,0.046149,38.245,0.14648,102.52,6.3635,-65315.0,833.99,-91.485,1.9543,250.0,90.0,1.0,1.0752e-5,2.6879e-6,7,allergenic fragrances
Iso E Super D,-101.18,5.3862,12802.0,368.57,13.014,0.74834,218.27,0.047197,37.694,0.14396,108.2,6.222,-67148.0,823.79,-95.219,1.9272,250.0,90.0,1.0,1.0279e-5,2.5697e-6,7,allergenic fragrances
