Name,A,B,C,Tchar,thetachar,DeltaCp,DeltaHref,DeltaSref,beta0,Tref,R²_Kcentric,χ²_Kcentric,χ̄²_Kcentric,n_Kcentric,Cat_1
Farnesol A,-108.94,13698.0,13.933,210.18,33.545,115.85,-71825.0,-107.01,250.0,90.0,0.99999,3.6088e-5,7.2175e-6,8,allergenic fragrances
Amylcinnamylalkohol A,-90.024,12533.0,11.279,213.44,33.608,93.779,-70153.0,-101.91,250.0,90.0,0.99998,7.5434e-5,1.8858e-5,7,allergenic fragrances
Farnesol B,-143.29,15819.0,18.806,215.35,35.982,156.36,-74741.0,-113.34,250.0,90.0,0.99999,5.2339e-5,8.7231e-6,9,allergenic fragrances
Amylcinnamylalkohol B,-104.28,13443.0,13.31,219.72,35.293,110.66,-71582.0,-104.0,250.0,90.0,1.0,1.5638e-5,3.1276e-6,8,allergenic fragrances
Amylcinnamylalkohol C,-88.354,12353.0,11.112,222.74,35.938,92.39,-69156.0,-97.602,250.0,90.0,1.0,5.1167e-7,5.1167e-7,4,allergenic fragrances
